Timestamp,Student ID,Name,Department,Section,Liveness Method
2026-07-31 20:25:53,001,Utsav Satane,Computer Science and Engineering (CSE),B,Blink Only
2026-08-01 13:59:39,001,Utsav Satane,Computer Science and Engineering (CSE),B,Blink Only
2026-08-01 14:03:07,003,Hitha Sri Reddy,Computer Science and Engineering (CSE),B,Blink Only
2026-08-02 12:43:12,001,Utsav Satane,Computer Science and Engineering (CSE),B,Blink Only
2026-08-02 12:43:12,001,Utsav Satane,Computer Science and Engineering (CSE),B,Blink Only
2026-08-02 12:43:12,001,Utsav Satane,Computer Science and Engineering (CSE),B,Blink Only
2026-08-02 12:43:12,001,Utsav Satane,Computer Science and Engineering (CSE),B,Blink Only
2026-08-02 12:43:12,001,Utsav Satane,Computer Science and Engineering (CSE),B,Blink Only
2026-08-02 12:43:12,001,Utsav Satane,Computer Science and Engineering (CSE),B,Blink Only
2026-08-03 10:14:12,001,Utsav Satane,Computer Science and Engineering (CSE),B,Blink Only
12/08/2026 10:47:56,001,Utsav Satane,Computer Science and Engineering (CSE),B,Blink Only
13/08/2026 17:37:54,001,Utsav Satane,Computer Science and Engineering (CSE),B,Blink Only
